LM,TITLE,PRECO
91697550,Ar Condicionado Split 24000 BTUs Quente e Frio Branco 220V Series A1 TCL,3.699.00
91697550,Ar Condicionado Split 24000 BTUs Quente e Frio Branco 220V Series A1 TCL,3.699.00
91697550,Ar Condicionado Split 24000 BTUs Quente e Frio Branco 220V Series A1 TCL,3.699.00
91697550,Ar Condicionado Split 24000 BTUs Quente e Frio Branco 220V Series A1 TCL,.00
91697550,Ar Condicionado Split 24000 BTUs Quente e Frio Branco 220V Series A1 TCL,3.699.00
91697550,Ar Condicionado Split 24000 BTUs Quente e Frio Branco 220V Series A1 TCL,3.699.00
91697550,Ar Condicionado Split 24000 BTUs Quente e Frio Branco 220V Series A1 TCL,.00
91697550,Ar Condicionado Split 24000 BTUs Quente e Frio Branco 220V Series A1 TCL,3.699.00
91697550,Ar Condicionado Split 24000 BTUs Quente e Frio Branco 220V Series A1 TCL,3.699.00
91697550,Ar Condicionado Split 24000 BTUs Quente e Frio Branco 220V Series A1 TCL,const integers = '3.699'.00
90163990,Ventilador de Teto com Controle de Parede Fenix 3 Pás 96 cm 127V (110V) Ventisol,const integers = '219'.90
90163990,Ventilador de Teto com Controle de Parede Fenix 3 Pás 96 cm 127V (110V) Ventisol,const integers = '219'.90
91989296,Banheira de Imersão Zen 150x72cm Branco Sensea,8.9998.999
91989296,Banheira de Imersão Zen 150x72cm Branco Sensea,8.999.00
89062981,Tapete de Banheiro Antiderrapante Cocoon Poliéster Grafite 40x60cm Sensea,99.90
1571352810,Lâmpada Filamento E14 Ba35 Velachama 2w 127v - Foxlux,11.90
9043764190437655,Ar Condicionado Cassete Atualle Eco Frio 60000BTUs 220V Elgin,13.049.80
1571352810,Lâmpada Filamento E14 Ba35 Velachama 2w 127v - Foxlux,11.90
91697550,Ar Condicionado Split 24000 BTUs Quente e Frio Branco 220V Series A1 TCL,3.699.00
91697550,Ar Condicionado Split 24000 BTUs Quente e Frio Branco 220V Series A1 TCL,3.699.00
91697550,Ar Condicionado Split 24000 BTUs Quente e Frio Branco 220V Series A1 TCL,3.699.00
91697550,Ar Condicionado Split 24000 BTUs Quente e Frio Branco 220V Series A1 TCL,3.699.00
91697550,Ar Condicionado Split 24000 BTUs Quente e Frio Branco 220V Series A1 TCL,3.699.00
91697550,Ar Condicionado Split 24000 BTUs Quente e Frio Branco 220V Series A1 TCL,3.699.00
91697550,Ar Condicionado Split 24000 BTUs Quente e Frio Branco 220V Series A1 TCL,3.699.00
91697550,Ar Condicionado Split 24000 BTUs Quente e Frio Branco 220V Elite Series A1 Convencional TCL,3.699.00
91697550,Ar Condicionado Split 24000 BTUs Quente e Frio Branco 220V Elite Series A1 Convencional TCL,3.699.00
86839655,"Cabo Flexível 2,5mm 100m Azul 750V SIL Fios",159.90
91989296,Banheira de Imersão Zen 150x72cm Branco Sensea,8.999.00,[[]]
91989296,Banheira de Imersão Zen 150x72cm Branco Sensea,8.999.00,[[]]
91989296,Banheira de Imersão Zen 150x72cm Branco Sensea,8.999.00,[[]]
